0,1,2,3,4,5,6,7,8,9,10,11,12,13,14,15,16,17,18,19,20,21,22,23,24,25,26,27,28,29,30,31,32,33,34,35,36,37,38,39,40,41,42,43,44,45,46,47,48,49,50
Noise Cancellation Wireless Headphones P9 - Black,Air Pro 4 TWS Touch Sensor Bluetooth Headset True Stereo HIFI,Air Conduction Wireless Headphones With Neckband Mic Earphone,Fingerprint Touch Bluetooth 5.0 Wireless 9D Stereo Headset - Black,Fingerprint Touch Noise- Cancellation Stereo Bluetooth Headset - Black,Air Pro 6s Wireless Bluetooth Headsets HIFI Stereo Headphones,New J18 Tws Wireless Earbuds Bt5.0 Stereo Earphone Sport Hd,Wireless B05 Bluetooth Stereo Headphone - Black,Phones Tablets Bluetooth Headsets Wireless Earphones,P47 Wireless Headset with Bluetooth Feature - Blue/Gray,PRO3 Bluetooth 5.0 Wireless 10D Stereo Headsets With LED - White,P47 Wireless Headset with Bluetooth Feature - White/Black,Thinkplus Tw13 Wired Earphone Headphones With 3.5mm,Wireless Pods 13 Bluetooth Earphone - Black,BT5.1 Neck Hanging Wireless Bluetooth Earphone Stereo -Black,Stereo Noise Cancelling Sports with Battery Bank Bluetooth Headset - Black,Bluetooth Headset Fingerprint Touch Control Earpôds 6D Stereo Bass Earphones,Bluetooth 5.0Wireless Waterproof Noise Reduction Headsets,X9/x18/xt90/xt91/lp1 Tws Earbuds Bluetooth 5.0 True,Earpiece Headset Control For Android And IPhone Play Music - White,Noise Reduction And Waterproof Of Game Bluetooth Headset,P47 Wireless Headset - White,Wireless Bluetooth Headphones With Display For HiFi Stereo,P47 Wireless Headset with Bluetooth Feature - Black,Wireless Bluetooth Earphone For iPhone Samsung Pods,New PRO3 Bluetooth5.0 Headset 9D music Stereo Earbuds sports noise reduction Earphone,R9 Wireles Fingerprint Touch HIFI Bluetooth Headset Earphone,Tws Touch Control Earphones For Xiaomi Redmi Note 9t 9s 9 9,TWS Mini Pro5 Bluetooth Wireless Earbuds for iOS / Android - White,Wireless SH12 Stereo Bluetooth 5.0 Headphones - Black,Pro 5 Smart Touch Wireless Bluetooth 3D Bass Headphone + Charging Case - Black,F9 Wireless Bluetooth Earbuds For Android & IOS - Black,Bluetooth 5.0 Wireless Stereo Earphones - Black,BT 5.0 Max Air Noise Canceling Bluetooth Headphones P9 - Red,Earhook Headset Wired Inear Earbuds Dual Dynamic 4 Speakers,Oraimo Air F9 Pro+ Wireless Stereo Headset - black,BT 5.0 Max Air Noise Canceling Bluetooth Headphones P9 - Black,Nes Qkz Vk3 Earphone 3.5mm In-Ear Earphones Bass Sport Fone,Phones Tablets Bluetooth Headsets Wireless Earphones,Pro3 TWS Wireless Earbuds Pods 3 With Charging Case Bluetooth - Black,Tws Wireless Bluetooth Headsets Earphones Inpods12,Wireless Earphones Bluetooth 5.3 Slide Cover long life,F9-32 Stereo Bluetooth Earbuds - Black,Xiaomi Mi Redmi True Wireless Bluetooth Earbuds - Black,Oraimo FreePods 3 OEB- E104D True Wireless Stereo Earbuds Plus FREE Pocket Pouch -Black,F9-5 Bluetooth 5.0 Touch Noise Cancelling Sports Waterproof Headphones,F9-2 TWS Wireless Bluetooth Headset - 3000mAh - Black,R05 Bluetooth 5.2 Noise Canceling True Music Game Headset,S20 Wireless Bluetooth Earphone Touch LED Stereo Audio Black,Tws Wireless Bluetooth Headsets Earphones Pro4,Wireless Headset bluetooth Earphone Finger touch control True Bass
GH₵ 99.00,GH₵ 85.00,GH₵ 54.58,GH₵ 49.00,GH₵ 50.00,GH₵ 79.00,GH₵ 398.00,GH₵ 85.00,GH₵ 38.00,GH₵ 54.99,GH₵ 50.00,GH₵ 54.99,GH₵ 227.00 - GH₵ 251.00,GH₵ 48.00,GH₵ 75.00,GH₵ 54.58,GH₵ 54.58,GH₵ 45.00,GH₵ 307.00 - GH₵ 502.00,GH₵ 20.00,GH₵ 53.00,GH₵ 60.00,GH₵ 79.00,GH₵ 54.99,GH₵ 49.00,GH₵ 50.00,GH₵ 45.00,GH₵ 496.00,GH₵ 150.00,GH₵ 99.00,GH₵ 110.00,GH₵ 82.33,GH₵ 70.30,GH₵ 120.00,GH₵ 525.00 - GH₵ 531.00,GH₵ 120.00,GH₵ 120.00,GH₵ 274.00,GH₵ 44.00,GH₵ 95.00,GH₵ 36.08,GH₵ 86.95,GH₵ 66.00,GH₵ 200.00,GH₵ 405.00,GH₵ 69.38,GH₵ 74.00,GH₵ 89.00,GH₵ 116.55,GH₵ 42.00,GH₵ 66.00
"GH₵ 200.00
51%","GH₵ 142.00
40%","GH₵ 117.00
53%","GH₵ 95.00
48%","GH₵ 98.00
49%","GH₵ 155.00
49%","GH₵ 730.00
45%","GH₵ 99.00
14%","GH₵ 75.00
49%","GH₵ 71.00
23%","GH₵ 94.00
47%","GH₵ 71.00
23%","GH₵ 382.00 - GH₵ 430.00
42%","GH₵ 94.00
49%","GH₵ 124.00
40%","GH₵ 75.00
27%","GH₵ 116.00
53%","GH₵ 50.00
10%","GH₵ 544.00 - GH₵ 934.00
46%","GH₵ 40.00
50%","GH₵ 84.00
37%","GH₵ 111.00
46%","GH₵ 144.00
45%","GH₵ 71.00
23%","GH₵ 96.00
49%","GH₵ 97.00
48%","GH₵ 88.00
49%","GH₵ 923.00
46%","GH₵ 100.00
1%","GH₵ 200.00
45%","GH₵ 150.00
45%","GH₵ 92.00
24%","GH₵ 199.00
40%","GH₵ 979.00 - GH₵ 990.00
46%","GH₵ 200.00
40%","GH₵ 199.00
40%","GH₵ 474.00
42%","GH₵ 49.00
10%","GH₵ 135.00
30%","GH₵ 199.00
82%","GH₵ 170.00
49%","GH₵ 147.00
55%","GH₵ 555.00
27%","GH₵ 173.00
60%","GH₵ 208.00
64%","GH₵ 192.00
54%","GH₵ 188.00
38%","GH₵ 82.00
49%","GH₵ 146.00
55%",,
"4.2 out of 5
(24)","4.7 out of 5
(45)","4.5 out of 5
(14)","4.3 out of 5
(63)","3.8 out of 5
(447)","4 out of 5
(95)","4.5 out of 5
(4)","3.2 out of 5
(13)","4.2 out of 5
(5)","3.9 out of 5
(357)","4.7 out of 5
(3)","3.6 out of 5
(35)","4.6 out of 5
(19)","3.8 out of 5
(95)","4.4 out of 5
(7)","3 out of 5
(2)","5 out of 5
(1)","4.5 out of 5
(10)","4.1 out of 5
(14)","4.1 out of 5
(20)","1 out of 5
(1)","4.1 out of 5
(29)","3.7 out of 5
(11)","3.5 out of 5
(15)","3.5 out of 5
(24)","4.3 out of 5
(30)","3 out of 5
(3)","4 out of 5
(58)","4 out of 5
(161)","4 out of 5
(3)","3 out of 5
(4)","3.8 out of 5
(5)","3 out of 5
(4)",,,,,,,,,,,,,,,,,,
